[0.9180931227095808, 0.17000863550380907, 1]
[0.18209585253243643, 0.2771874230186623, 0]
[0.9933136206489188, 0.6824652458576517, 1]
[0.1720789764915932, 0.18048763154001501, 0]
[0.2382757703208741, 0.8097930778891487, 0]
[0.48147457847854036, 0.9765558057808006, 0]
[0.9034251731074641, 0.2548095336099635, 1]
[0.7577594333094138, 0.8637357686673295, 0]
[0.4979855835934528, 0.12989739300748926, 1]
[0.6709658777758326, 0.7401132786903756, 0]
[0.8601219861208307, 0.39154229858487044, 1]
[0.15452038959108982, 0.5133987781085481, 0]
[0.8386573565173898, 0.14001611380750256, 1]
[0.6611224991822022, 0.24268198870803126, 1]
[0.26073973186217625, 0.26574286838171224, 0]
[0.475271487560181, 0.40041603912578494, 1]
[0.7108242087792126, 0.5284922331035053, 1]
[0.12972197809924746, 0.5355808678944602, 0]
[0.49887551553272425, 0.6030687549366871, 0]
[0.126213771698667, 0.4593577305767709, 0]
[0.6411995773270146, 0.321880868631912, 1]
[0.4807938983347695, 0.8841305684149553, 0]
[0.742652708595073, 0.5524668851491684, 1]
[0.37017612348038376, 0.4284671240148916, 0]
[0.027209021372283204, 0.9206567177814505, 0]
[0.4794867305893312, 0.6070970699413484, 0]
[0.64549942258251, 0.0898239031421656, 1]
[0.19316952729544346, 0.42875749836838284, 0]
[0.9191096726012911, 0.7646840982599368, 1]
[0.07322211545515878, 0.08000096293876724, 0]
[0.9308700777936549, 0.6426784463043858, 1]
[0.03276459128599851, 0.40623346258894555, 0]
[0.23040618983642358, 0.7433395504393504, 0]
[0.7358040072047132, 0.1946024856546298, 1]
[0.28521367601183734, 0.7447532996021734, 0]
[0.001445035631134628, 0.536087308545643, 0]
[0.7653171986093668, 0.08663878123049562, 1]
[0.9607730500126075, 0.16921053707693245, 1]
[0.349256513510108, 0.4897850081829924, 0]
[0.603627884660983, 0.6446866323273582, 0]
[0.23392444056875172, 0.8494553516432233, 0]
[0.47351875498147533, 0.4205400823144064, 1]
[0.11781972987996414, 0.270445803609749, 0]
[0.4923373564332896, 0.7461799674145241, 0]
[0.17617176520518074, 0.4751212225326369, 0]
[0.8783173533750386, 0.06824580084909349, 1]
[0.2218491253557776, 0.8775002829470838, 0]
[0.3385747448901816, 0.9075838804592208, 0]
[0.2804196582028282, 0.7621199032415689, 0]
[0.2684015333476165, 0.13837662066672418, 1]
[0.031372352819299176, 0.19497531588503347, 0]
[0.6342440470797457, 0.4778691546223056, 1]
[0.2902649505482041, 0.8067972027179775, 0]
[0.33158352300413607, 0.21144334430007095, 1]
[0.25640651727757247, 0.8242625141091238, 0]
[0.10339500614961716, 0.44474042125302093, 0]
[0.7052207930485873, 0.15898280490969097, 1]
[0.24509456754280523, 0.2207902019864444, 1]
[0.14358709466075703, 0.7357610748537871, 0]
[0.4766778495502443, 0.2576142282277063, 1]
[0.4375719875648556, 0.3634408621670008, 1]
[0.1799304720694178, 0.8038457429601583, 0]
[0.7780533088545319, 0.6235595134563351, 1]
[0.4630654705190731, 0.23966424690213461, 1]
[0.2379898004969454, 0.9600174548312328, 0]
[0.4676219031985601, 0.3317203748655114, 1]
[0.632957394628824, 0.32317302178824403, 1]
[0.22830212807835082, 0.6948858168748493, 0]
[0.055680037877577804, 0.7950555691742582, 0]
[0.11049508387145268, 0.027604610701575605, 1]
[0.7003087781964249, 0.1558383458637833, 1]
[0.8052688708841574, 0.7976560596685245, 1]
[0.06417079992389474, 0.9133339804114263, 0]
[0.8784411874258173, 0.9408027447711886, 0]
[0.19776162680975917, 0.5784264566234676, 0]
[0.7102752828494384, 0.6190688319510236, 1]
[0.23687880152637908, 0.46199251673397856, 0]
[0.21271821743786778, 0.0765731494529377, 1]
[0.6307402974570916, 0.5119252070634447, 1]
[0.46162359040629064, 0.10294633824925181, 1]
[0.8439852437053438, 0.9289757580484581, 0]
[0.1648238395258026, 0.4209104847611794, 0]
[0.9301822857717341, 0.06312294762654458, 1]
[0.8724689083070141, 0.9342169397316797, 0]
[0.42672481027661524, 0.08740134565913671, 1]
[0.07153249133729, 0.11450318216647637, 0]
[0.05529316860659783, 0.057966355641838274, 0]
[0.9907255833072374, 0.7122940605606877, 1]
[0.6433656387551694, 0.43312583250859127, 1]
[0.3175502616745154, 0.0810281569547423, 1]
[0.07725784958466175, 0.11857437927196446, 0]
[0.8389513020079199, 0.2862990957088051, 1]
[0.043062513226368115, 0.8716836417321819, 0]
[0.4308450633013575, 0.9044273741148195, 0]
[0.02867403053149975, 0.8075555880686488, 0]
[0.5704498482011451, 0.19878359483794317, 1]
[0.6678782262769165, 0.24754867722083096, 1]
[0.6580435009613989, 0.8394572010155413, 0]
[0.7662953739911601, 0.8895287190160006, 0]
[0.7357887223087946, 0.6318325501511984, 1]
[0.297406810098757, 0.8776736476248062, 0]
[0.28280405433181965, 0.2833174571730911, 0]
[0.9786090190016085, 0.5846250212682531, 1]
[0.8562990955919026, 0.5461491070175857, 1]
[0.307403617391967, 0.165427072676694, 1]
[0.757610244366593, 0.7553202373129052, 1]
[0.38986916498511004, 0.9523505321953755, 0]
[0.11372455959410288, 0.5011990816738925, 0]
[0.11985529843975551, 0.553139302147265, 0]
[0.6478952558077744, 0.7309530953854413, 0]
[0.039329553183768295, 0.045567390944752595, 0]
[0.7408270081091485, 0.1625021128537537, 1]
[0.9160326052057173, 0.43834412782805654, 1]
[0.22037739858491556, 0.653208834498082, 0]
[0.8209226284026797, 0.28744016001431383, 1]
[0.9984595248379484, 0.27072186158956835, 1]
[0.8204722437205598, 0.36646455629041186, 1]
[0.30098603322219664, 0.03091660716875655, 1]
[0.37207937658202983, 0.3242736381537066, 1]
[0.5642123049964446, 0.9665651523087047, 0]
[0.6934377110916367, 0.727760813109362, 0]
[0.49691866954495656, 0.7047623126912761, 0]
[0.7537984861396437, 0.7470354827316849, 1]
[0.7987865602632057, 0.20003176800200528, 1]
[0.04188794275035079, 0.34037982047407267, 0]
[0.9492096582006619, 0.1489566874114696, 1]
[0.5037303018108197, 0.8241452443453661, 0]
[0.5433067807978409, 0.07050958764532822, 1]
[0.43762039162818367, 0.5465585211017223, 0]
[0.9493182500738211, 0.4170361009540412, 1]
[0.13332356565170778, 0.8268806501988055, 0]
[0.42637847664806194, 0.7699360032957008, 0]
[0.8368087894262176, 0.14315447342659637, 1]
[0.6990269749848564, 0.5199408544260016, 1]
[0.08938420381557155, 0.0635688853206734, 1]
[0.24958361511722982, 0.17065193028058656, 1]
[0.038248010187887815, 0.64561902052037, 0]
[0.21030921019863247, 0.8460356046858226, 0]
[0.33547323172513377, 0.4620322979989743, 0]
[0.805130665884823, 0.7360375051707129, 1]
[0.14674578548686978, 0.06335951629995473, 1]
[0.5233144954610929, 0.7258851000591313, 0]
[0.6066135176865303, 0.777179375360448, 0]
[0.1899109910934862, 0.8327965107051717, 0]
[0.607953902725103, 0.33612873936381793, 1]
[0.11784736883773828, 0.15351848658650225, 0]
[0.15540688425209814, 0.1372118814363411, 1]
[0.16343239000888166, 0.043843442944418, 1]
[0.8869523180906949, 0.9396454222051926, 0]
[0.9489569146441685, 0.6019808173341774, 1]
[0.9314158018161269, 0.48780154683084376, 1]
[0.6719559085879041, 0.13204033968235462, 1]
[0.5115420906005848, 0.4124453407712688, 1]
[0.9897543521464292, 0.05173463601640027, 1]
[0.5136065634570733, 0.3490823302521211, 1]
[0.7884960503925781, 0.3466338506716423, 1]
[0.13494478572634072, 0.04827300369200149, 1]
[0.8126289561201979, 0.35645507885457794, 1]
[0.18746708645629762, 0.9301960327168625, 0]
[0.6449094592219672, 0.6450596134555556, 0]
[0.7009036888459033, 0.7977805060185464, 0]
[0.16822737287534184, 0.36250127830612977, 0]
[0.9861776881916948, 0.7383321363483231, 1]
[0.8555631065324367, 0.9643480826924077, 0]
[0.8109589963809656, 0.1242142170418149, 1]
[0.48613104866185497, 0.5417068810608038, 0]
[0.9325712267920596, 0.8861805668804008, 1]
[0.03872999280841505, 0.44895174258351433, 0]
[0.8334807131203382, 0.06813928969678962, 1]
[0.3678274565744456, 0.9842760407955244, 0]
[0.8640112979527794, 0.7000469091271948, 1]
[0.9292333695843806, 0.8920451709447, 1]
[0.5164970814624045, 0.9924949389443815, 0]
[0.3901766734001896, 0.711616625801844, 0]
[0.8745777107090968, 0.4570550249095875, 1]
[0.5628333885819198, 0.7772855753217743, 0]
[0.5417550860544198, 0.44350354233419587, 1]
[0.9042884494591812, 0.946778740662435, 0]
[0.6386102334717483, 0.4969887860264425, 1]
[0.09663766341011581, 0.07192170080605642, 1]
[0.0725888024709247, 0.3223016032875363, 0]
[0.009461972771012683, 0.2721194003932461, 0]
[0.8004220762422068, 0.43870571295736494, 1]
[0.9757444039786478, 0.39088702920146334, 1]
[0.28143186879826476, 0.37652356127630804, 0]
[0.36943462843707897, 0.07642622395500154, 1]
[0.5534676935348154, 0.7043522459623653, 0]
[0.4502878042622238, 0.004799707226503802, 1]
[0.9905844494387741, 0.14493255097668545, 1]
[0.6933868536681209, 0.8603610816659578, 0]
[0.1367289632719183, 0.10094284489319716, 1]
[0.4874334744584886, 0.29774617791850766, 1]
[0.7580616488402114, 0.4555109933582625, 1]
[0.21246304828201534, 0.6118047669419188, 0]
[0.7722625451933239, 0.005683131488700588, 1]
[0.03264440187837514, 0.8516701281084971, 0]
[0.9553099256653466, 0.4426030022595461, 1]
[0.019310959772991687, 0.5023708308224514, 0]
[0.9426837800795267, 0.16315976082064398, 1]
[0.5971594186610065, 0.6902813300260638, 0]
[0.9443952825536527, 0.6806903728192337, 1]
[0.6497968348115972, 0.5601483236127258, 1]
[0.282661847560537, 0.9958748535669136, 0]
[0.07850205041240388, 0.7246458647750751, 0]
[0.45049483224346654, 0.4075540925056246, 1]
[0.8674758042447748, 0.11161037581648814, 1]
[0.10310274810735298, 0.043277690783203204, 1]
[0.1622144652029448, 0.5351379466818764, 0]
[0.731504840410996, 0.5704764116257725, 1]
[0.7464150963557478, 0.28977933194036487, 1]
[0.07751080283041856, 0.547895016159123, 0]
[0.6792841902483707, 0.13652160248960743, 1]
[0.9669436901582021, 0.8282703906990453, 1]
[0.6253389056687673, 0.12779228239031093, 1]
[0.713701258971673, 0.3740983501664531, 1]
[0.34137911857278314, 0.3493550077302495, 0]
[0.9396698760399048, 0.6364139574141126, 1]
[0.18082828285974883, 0.4303247807268994, 0]
[0.608793991909973, 0.013166536203823243, 1]
[0.07873339728928419, 0.271961533751518, 0]
[0.7120514392166255, 0.8784301235459603, 0]
[0.9461100125981273, 0.5339091168461361, 1]
[0.04886448627493878, 0.3725068095584304, 0]
[0.7737290529813672, 0.21470529985190145, 1]
[0.16370490974340468, 0.9041271275452591, 0]
[0.9738808688977091, 0.24392545509175256, 1]
[0.889496877213505, 0.696665175227123, 1]
[0.35951790129628736, 0.700448253561469, 0]
[0.6335988905442267, 0.022337523728098496, 1]
[0.45341384763380477, 0.8424980038770914, 0]
[0.1241396553672196, 0.10006023306143319, 1]
[0.30090566317422673, 0.15204923005957893, 1]
[0.09064236018213923, 0.727413456692748, 0]
[0.2985952286232618, 0.7420935743071664, 0]
[0.41052531308996765, 0.544222606918547, 0]
[0.3614209325395945, 0.8331960544440709, 0]
[0.5512145605797487, 0.8830317468453546, 0]
[0.4314911553389251, 0.055272659107113986, 1]
[0.24217947825849717, 0.94320802530791, 0]
[0.7260936739303145, 0.8396593518129779, 0]
[0.9453057586208635, 0.5210325632163703, 1]
[0.39308016694931747, 0.00944405996945763, 1]
[0.11423444410822259, 0.24420624678866798, 0]
[0.6666241569266141, 0.09338355910322249, 1]
[0.8359976118524964, 0.6696345619428793, 1]
[0.7605496470554852, 0.906228125372655, 0]
[0.4358701984016786, 0.12466593964343342, 1]
[0.976848108139759, 0.5909657560052661, 1]
[0.05935343391348624, 0.3720899176232878, 0]
[0.10691049345153858, 0.42860410276627126, 0]
[0.8957014761432064, 0.705452300130301, 1]
[0.6602818553162156, 0.9194219243123082, 0]
[0.34867525603298277, 0.022305882551477696, 1]
[0.4403253838718022, 0.11012863791956196, 1]
[0.26188692070677866, 0.8610223968910972, 0]
[0.25001558496478693, 0.20191095127610803, 1]
[0.39365743851139057, 0.01166031637834386, 1]
[0.19076086391831815, 0.44080553524106236, 0]
[0.19215987607173535, 0.7791265661582396, 0]
[0.08534216546487416, 0.25966022118593, 0]
[0.49772726597737615, 0.032359695431027014, 1]
[0.23796392028866786, 0.672390769900455, 0]
[0.09172071184813291, 0.742156174637852, 0]
[0.4727834374256188, 0.6750955958221957, 0]
[0.822688559704139, 0.5601134451240527, 1]
[0.5649121686020613, 0.4172157974010622, 1]
[0.3705430426806402, 0.09250213588734013, 1]
[0.5746676956736911, 0.04780328052119032, 1]
[0.23653913197707888, 0.3240161991136459, 0]
[0.4948727418623985, 0.9929155974159289, 0]
[0.8575440130218804, 0.28591337627474755, 1]
[0.39371812517012494, 0.004901211477212786, 1]
[0.9014058917192114, 0.919190001514493, 0]
[0.01875135537152761, 0.3952788451577246, 0]
[0.7341315439620687, 0.2266732498948384, 1]
[0.8006803915654612, 0.9174926542130227, 0]
[0.8400767757393334, 0.03034887752823512, 1]
[0.6000777483188671, 0.5858929767626093, 1]
[0.38997403976075806, 0.7580425006054403, 0]
[0.5833936601604296, 0.7494188398779794, 0]
[0.17508069814442317, 0.8368220715921317, 0]
[0.8737918782468165, 0.9524736684555741, 0]
[0.4328701711120513, 0.5389109727027295, 0]
[0.07218309711116144, 0.7302654940161797, 0]
[0.11846997007510118, 0.3467111085650012, 0]
[0.2242062635927723, 0.3117783626729317, 0]
[0.9734469689998492, 0.7707703124880075, 1]
[0.2339545714667235, 0.8113780805222363, 0]
[0.11244403117129986, 0.8528374721692444, 0]
[0.9392875382544301, 0.6368464595003278, 1]
[0.9454548254524703, 0.18048954029561026, 1]
[0.9696183667554487, 0.2895646262980782, 1]
[0.9265874370724986, 0.2789228059517762, 1]
[0.320097420302622, 0.8268680695910566, 0]
[0.7466635392563337, 0.20155894889415416, 1]
[0.595397245358582, 0.11329159940555333, 1]
[0.7076080323053301, 0.2777411418179152, 1]
[0.9220498805403522, 0.3736525440428974, 1]
[0.8485104266522399, 0.1604127440026486, 1]
[0.7701530745238971, 0.42194221115015895, 1]
[0.9176021595458326, 0.056701570829563175, 1]
[0.5328683182728957, 0.5082331434501922, 1]
[0.30236454935353585, 0.6717011417046639, 0]
[0.27168092021011137, 0.5855349160701829, 0]
[0.8034727419867613, 0.050733207129260105, 1]
[0.626631351311757, 0.9804456163605582, 0]
[0.4352293579372719, 0.9525170437042186, 0]
[0.8996487576865511, 0.803790583735175, 1]
[0.8230663443599121, 0.7851111929339663, 1]
[0.568931743395423, 0.24406197967782406, 1]
[0.6766726575571975, 0.48170187956593813, 1]
[0.17362883910489535, 0.4587420365612188, 0]
[0.988805320037089, 0.966291114318604, 1]
[0.21631117233881259, 0.5510488159670613, 0]
[0.6715471557255578, 0.3180164746483102, 1]
[0.3185775956388822, 0.01766035637024954, 1]
[0.6651279469580287, 0.2590960720093638, 1]
[0.2983293932686557, 0.14256507414825115, 1]
[0.38537885140224337, 0.22180209458289568, 1]
[0.6620250854389248, 0.09548457118736298, 1]
[0.4705662089917574, 0.6877658379381423, 0]
[0.5354817477319987, 0.08908797024078963, 1]
[0.16315409082384413, 0.5818774176291466, 0]
[0.02814160114432107, 0.2772119922433369, 0]
[0.8308342375913762, 0.48870848543063805, 1]
[0.17419469401447163, 0.9518440948185717, 0]
[0.47094467278001173, 0.13129216515489306, 1]
[0.5769047610708343, 0.32710726643641364, 1]
[0.7991629867048367, 0.13665751600559173, 1]
[0.3702338519120131, 0.5616596511298106, 0]
[0.6242674488821329, 0.3009565109970507, 1]
[0.20226444615671269, 0.5974892090264999, 0]
[0.8448051214391119, 0.9148503293074444, 0]
[0.016245837770578753, 0.633315078893965, 0]
[0.5310902201654137, 0.5152787192825445, 1]
[0.25412211886545133, 0.29709945173152874, 0]
[0.9175540276795543, 0.16762803010186222, 1]
[0.48883581644499274, 0.04793001045179157, 1]
[0.15769229757196201, 0.28012311695104675, 0]
[0.6161163632329049, 0.359488118763319, 1]
[0.926462211355845, 0.7535152753128045, 1]
[0.11435035392992399, 0.5493930327211565, 0]
[0.9723222225809038, 0.5990448219945429, 1]
[0.8639370990314724, 0.2742964899946678, 1]
[0.7777102662191308, 0.8627733476595726, 0]
[0.29205795920360944, 0.7974333481392235, 0]
[0.4135440692642218, 0.7101519549912956, 0]
[0.43868455017270114, 0.8933648478048393, 0]
[0.0029997061799631464, 0.9133638039490221, 0]
[0.4360378596173128, 0.9388335459698933, 0]
[0.18857716559673987, 0.10745161347029553, 1]
[0.6952065167869744, 0.2597679185362751, 1]
[0.5846262967177281, 0.051152598202960475, 1]
[0.5177124529301597, 0.08963198122975669, 1]
[0.876329379030551, 0.582127346233904, 1]
[0.5265513537353321, 0.47866427992877936, 1]
[0.6860019463552017, 0.6013303516397801, 1]
[0.18325382069696305, 0.42728992383256614, 0]
[0.7971740216412139, 0.4471784080959641, 1]
[0.08710196980055063, 0.15914815646239622, 0]
[0.13743562125318132, 0.5076466411330524, 0]
[0.08394594004776346, 0.572934324952402, 0]
[0.5416857989166446, 0.863087178239627, 0]
[0.8257522924721349, 0.4387710477832113, 1]
[0.5054149091908865, 0.396536742136146, 1]
[0.6166854755091064, 0.8619302628637014, 0]
[0.27064265280638244, 0.08300461262045988, 1]
[0.5670128936238501, 0.9408087352087027, 0]
[0.2777980679361377, 0.32025875138489346, 0]
[0.5177718479496295, 0.7177054789756094, 0]
[0.5450854918400255, 0.6863986217753805, 0]
[0.098905350784813, 0.5399632256816392, 0]
[0.5597348074459617, 0.6395481392933431, 0]
[0.2318394902532852, 0.5905318956980595, 0]
[0.938146392065467, 0.638605830448816, 1]
[0.30117486472430033, 0.7607709560680491, 0]
[0.7995953916112392, 0.833828758901775, 0]
[0.9574700285610365, 0.03552609781556071, 1]
[0.28958803934835176, 0.7418279929880753, 0]
[0.6572686506142449, 0.4039223293497157, 1]
[0.137354944172544, 0.6399571792040875, 0]
[0.46872365887647227, 0.6560799191794098, 0]
[0.14298180772086155, 0.992980757800146, 0]
[0.10119087961094098, 0.4472622660397344, 0]
[0.9871613363125191, 0.26877560383072896, 1]
[0.839164218716709, 0.2447458454492043, 1]
[0.3919773505978691, 0.9464386134893955, 0]
[0.03708976957073584, 0.29560257809663537, 0]
[0.6888751245205725, 0.9240219287694076, 0]
[0.9500936317913029, 0.3681306266708506, 1]
[0.2400967525724501, 0.5222106597539384, 0]
[0.413115558853301, 0.08596893052979504, 1]
[0.8909427424373291, 0.23382588168814167, 1]
[0.08718801200188298, 0.8874226017603555, 0]
[0.48552884900661786, 0.0796186946688685, 1]
[0.7857499842184725, 0.1222525468927913, 1]
[0.14827249371225093, 0.3844735484927936, 0]
[0.4012979322069522, 0.06592363205390517, 1]
[0.9420566302123374, 0.4646586696953937, 1]
[0.4109713970762633, 0.2844159803993941, 1]
[0.5182434824592452, 0.13227262041845322, 1]
[0.8632034837189605, 0.6845204426462985, 1]
[0.12768530156005087, 0.26109858811634623, 0]
[0.874399222554321, 0.4463724183332728, 1]
[0.3371785010239954, 0.7433649458219317, 0]
[0.5439822694235253, 0.8771885267796937, 0]
[0.40112767213898437, 0.18797226981375925, 1]
[0.9518343604207965, 0.8770680770826508, 1]
[0.8437323521296345, 0.3525760121879864, 1]
[0.7252953088934382, 0.9814521037839459, 0]
[0.0003289620298666529, 0.27273681955793694, 0]
[0.43346643274730035, 0.1188963497490445, 1]
[0.40986784503958706, 0.18587957763529528, 1]
[0.9170816796512509, 0.8960796878075994, 1]
[0.4824145999360765, 0.3063425985873345, 1]
[0.16640141244666584, 0.9516796530970586, 0]
[0.5635961809310414, 0.11024111735629194, 1]
[0.43893340266836167, 0.44374274399323954, 0]
[0.9245109970816697, 0.7045344370615707, 1]
[0.8465887009278735, 0.843662773144011, 1]
[0.3067787267892733, 0.14307201491968724, 1]
[0.7247118535513516, 0.4143584445242313, 1]
[0.8275671056173357, 0.011730946253533103, 1]
[0.4038898620256195, 0.0934712302777958, 1]
[0.4173935935443538, 0.07660740678983635, 1]
[0.5779513036531513, 0.7284730197076917, 0]
[0.6513426032411987, 0.2042594705673576, 1]
[0.3972331548357654, 0.4952183895622081, 0]
[0.7569571563053565, 0.688102617478786, 1]
[0.6176150503498756, 0.4660006644311311, 1]
[0.1957859574489752, 0.28963589002886725, 0]
[0.7043161748067929, 0.316320360826282, 1]
[0.879046327861895, 0.9210817971512871, 0]
[0.8768976524336799, 0.5093676697351066, 1]
[0.28705502422341933, 0.24505488739466985, 1]
[0.18067839678182163, 0.13329849978431307, 1]
[0.16404421067128272, 0.9293759368365514, 0]
[0.18242087840436383, 0.017826199193648362, 1]
[0.7461677479067703, 0.6439551792659096, 1]
[0.2932199452126866, 0.7112672364898845, 0]
[0.40662749801911446, 0.7739303925531099, 0]
[0.6909996074674007, 0.693240513496754, 0]
[0.2018317856384504, 0.5559059187960594, 0]
[0.7798539209330099, 0.06537097062714148, 1]
[0.5587021869494133, 0.1713857527084608, 1]
[0.3136123815200369, 0.013259541890572768, 1]
[0.5814845841337657, 0.5898456633915292, 0]
[0.3334049060065938, 0.5979994232813169, 0]
[0.38214679739218715, 0.7485749442400412, 0]
[0.7401656517116282, 0.7825749502357457, 0]
[0.6861739568508793, 0.8481500014896777, 0]
[0.6645840307079426, 0.6971154262857715, 0]
[0.6779297908402167, 0.820213178604744, 0]
[0.22823028185632954, 0.8126161989190741, 0]
[0.6578931122918126, 0.44353989265343163, 1]
[0.9705080226941668, 0.07587264504469138, 1]
[0.7704776427891641, 0.2510149311335117, 1]
[0.9121477199749765, 0.30687131297291237, 1]
[0.37161933351794463, 0.7824587196702325, 0]
[0.7142605013227036, 0.4044417647428198, 1]
[0.04414923093015477, 0.4693714299666032, 0]
[0.6202425084350689, 0.7551866739734486, 0]
[0.5463085534056914, 0.9269099511548666, 0]
[0.028180167821607816, 0.3948405351619708, 0]
[0.41005789734798925, 0.0004935109777750579, 1]
[0.19932169400535682, 0.8837720689580675, 0]
[0.48357466064537036, 0.7866874320427092, 0]
[0.488649910956108, 0.3825472671430893, 1]
[0.24718829775424, 0.11014228061966302, 1]
[0.26668818831572105, 0.915452062927594, 0]
[0.976082849311654, 0.4339590321761758, 1]
[0.288453767960809, 0.0815534503952633, 1]
[0.18116286310177954, 0.07768783960456249, 1]
[0.053827320483329166, 0.3838408040266299, 0]
[0.09594491884491052, 0.34852905778273535, 0]
[0.9570955996621492, 0.2733614264192976, 1]
[0.9596276688020203, 0.3199546995568522, 1]
[0.19178490003979898, 0.8795074108660292, 0]
[0.3969505344630886, 0.07377054227546986, 1]
[0.07739832821964887, 0.4393940230318558, 0]
[0.4875399732849812, 0.8554901351678291, 0]
[0.12587195916815852, 0.22977833483371113, 0]
[0.11030125299451254, 0.6176017808158685, 0]
[0.8343154399721224, 0.35699109832526144, 1]
[0.9029687146175226, 0.014244067202337285, 1]
[0.275006443505286, 0.12322744225800164, 1]
[0.24091174276661376, 0.8011176052345832, 0]
[0.17282205493445224, 0.02787711937331372, 1]
[0.6165011959520921, 0.700834601311765, 0]
[0.43513776560475925, 0.49602923456850634, 0]
[0.3052803749150933, 0.19204425150872462, 1]
[0.339716248923179, 0.3188403333528065, 1]
[0.0424880449267665, 0.17106636000772346, 0]
[0.2215465818771013, 0.536753522990868, 0]
[0.6750590546548972, 0.5658404195928568, 1]
[0.7939104776227345, 0.8456355438877777, 0]
[0.9902144575518832, 0.40746682144911983, 1]
[0.5467961950195906, 0.9692038299256746, 0]
[0.34999434371672455, 0.6588168630157426, 0]
[0.5051447136857828, 0.46452198961805335, 1]
[0.10934563050988533, 0.9891900283040354, 0]
[0.4919105294209196, 0.29691028122105056, 1]
[0.698204001670189, 0.46241395063447255, 1]
[0.19946351786441308, 0.4203788266659958, 0]
[0.20265217491299992, 0.352587792547976, 0]
[0.7525555209659044, 0.6267438484103809, 1]
[0.34732563148913453, 0.47061397612467004, 0]
[0.9514581931497654, 0.7413404179610786, 1]
[0.06445354411398174, 0.7501090096014649, 0]
[0.5825038006202764, 0.6410862754382056, 0]
[0.978189905937345, 0.9192054199902902, 1]
[0.04990815775315782, 0.3512612016509339, 0]
[0.5269562634161835, 0.15316582385860533, 1]
[0.01664025758851506, 0.20160633093570834, 0]
[0.47038098981878185, 0.8014956930272481, 0]
[0.5654559041009095, 0.8445687284665315, 0]
[0.7165087998999261, 0.9311848613296531, 0]
[0.0730728070247253, 0.9185947735516656, 0]
[0.12990674253257162, 0.9938734169811662, 0]
[0.6215295832781157, 0.35421343829261787, 1]
[0.5784701477683709, 0.7366016300094332, 0]
[0.9232217337441467, 0.2046282042319797, 1]
[0.3568946713153476, 0.46701047660794004, 0]
[0.13511873840920163, 0.30563523197620757, 0]
[0.6837815942497848, 0.43442109424001785, 1]
[0.29174558275666873, 0.8069412068004929, 0]
[0.942462084464569, 0.229396983539235, 1]
[0.7327852786817561, 0.08731829845643535, 1]
[0.56225413393738, 0.9929138896863724, 0]
[0.7308664361762834, 0.06327972145525096, 1]
[0.6064249710519687, 0.25360264612543215, 1]
[0.869700580946212, 0.24869006524780546, 1]
[0.6343612509674477, 0.13703324755200885, 1]
[0.5682784240662337, 0.30358506002858554, 1]
[0.83898487477517, 0.6481824567573565, 1]
[0.18330824029194992, 0.7466713548311378, 0]
[0.5459716072863356, 0.13581882387452593, 1]
[0.34168195963705217, 0.31254111764293113, 1]
[0.011311554436265747, 0.2157033763067029, 0]
[0.13796471432395774, 0.8210957639812188, 0]
[0.047665215308832276, 0.8821590664857928, 0]
[0.12327233046551223, 0.7861069146984317, 0]
[0.08874575211259461, 0.24316554090366427, 0]
[0.5260778713113394, 0.3492436480400517, 1]
[0.4962579609985871, 0.5974993097152043, 0]
[0.012521562504888006, 0.14142681926088851, 0]
[0.7122267687073762, 0.395967894788155, 1]
[0.27651374235611936, 0.12186329207989177, 1]
[0.7960926053164565, 0.19133863654635874, 1]
[0.27599675970892323, 0.3158944333622775, 0]
[0.7754547019307542, 0.5970499659303208, 1]
[0.1848003189844304, 0.6857836939459434, 0]
[0.7579925759579916, 0.6667375224779357, 1]
[0.5426322022377078, 0.642188119526613, 0]
[0.01103358313401337, 0.29834608130048323, 0]
[0.27637003110006997, 0.2351581872543207, 1]
[0.19594919361787466, 0.8826292802050686, 0]
[0.45816885883685465, 0.9287241630958207, 0]
[0.6861062890593285, 0.3276140193343716, 1]
[0.7288458398117088, 0.35599568029886774, 1]
[0.6561045481082699, 0.6984381110762763, 0]
[0.9247575609876063, 0.04351968687772367, 1]
[0.4113532562474751, 0.48441760834323355, 0]
[0.1856193892441046, 0.9157964013111538, 0]
[0.1922696522957904, 0.6754046750742853, 0]
[0.8596753944698068, 0.6450459122718221, 1]
[0.09155865355302628, 0.8282485062521675, 0]
[0.6562920781829277, 0.7174296020585181, 0]
[0.4193705340067263, 0.46161983141117835, 0]
[0.053864059999255254, 0.7513745446881954, 0]
[0.7937217896599281, 0.06850810829657938, 1]
[0.4120149801178866, 0.08369657307515932, 1]
[0.012081593919700762, 0.0998920767864645, 0]
[0.6320188368789863, 0.1092710586499338, 1]
[0.9006458445183645, 0.6577361951018683, 1]
[0.7400672753717942, 0.7639938591947346, 0]
[0.5347029386161127, 0.405586699587125, 1]
[0.3692526607022899, 0.58582769294311, 0]
[0.4385621495432326, 0.36370784105274045, 1]
[0.38283690116567104, 0.034366474791297286, 1]
[0.9059479550845266, 0.8001078014325932, 1]
[0.7956277143571201, 0.5894145423613445, 1]
[0.8388043160611591, 0.19819525681685768, 1]
[0.7488083686870379, 0.9691869206800868, 0]
[0.07013221015786497, 0.8555986562467214, 0]
[0.913180836626248, 0.6933381934363579, 1]
[0.048317907678321115, 0.8504121154243184, 0]
[0.17504839308363018, 0.8436071249945719, 0]
[0.9180227539883085, 0.24148168500206657, 1]
[0.25256160244604264, 0.5487091967204611, 0]
[0.9868011453047862, 0.51989725236176, 1]
[0.4985469536581161, 0.29498272363206113, 1]
[0.44789099315949765, 0.8819888713308496, 0]
[0.8929642972035936, 0.23435648297970968, 1]
[0.4390434809789939, 0.5535670696368783, 0]
[0.32399657922324054, 0.9851461423740516, 0]
[0.884017940375391, 0.10167987829448788, 1]
[0.26543608706915334, 0.9557986249949117, 0]
[0.7233695480726995, 0.9672237077098821, 0]
[0.4814875048456284, 0.6355281890281698, 0]
[0.579299399771592, 0.966262314613684, 0]
[0.13884642975937644, 0.8874093884567363, 0]
[0.7834184535290204, 0.9477038616435528, 0]
[0.49691564404159916, 0.69569671418592, 0]
[0.12340397044386853, 0.9609378994658317, 0]
[0.06027056759491978, 0.6159962229197192, 0]
[0.8095654363547022, 0.1672722014476269, 1]
[0.319589653243586, 0.9093436406593461, 0]
[0.4468738638229981, 0.1151218643320262, 1]
[0.032536948954914324, 0.08586624488709493, 0]
[0.22878032491521172, 0.16491421519294192, 1]
[0.8164055883399123, 0.7639279835866069, 1]
[0.5670812762775683, 0.8740110541953826, 0]
[0.5222645716749907, 0.6214492970423489, 0]
[0.28908439154670873, 0.5753006764058811, 0]
[0.8997666640960359, 0.7951327519263853, 1]
[0.525240767176788, 0.8146685957661366, 0]
[0.9639432971630642, 0.8141667128910545, 1]
[0.8333939726753901, 0.4882319604984877, 1]
[0.3976109023267135, 0.09021183854379478, 1]
[0.5024168423709381, 0.47787476337786583, 1]
[0.38150848130328674, 0.20141942173273197, 1]
[0.094038538794742, 0.29810680907266274, 0]
[0.3709405232489221, 0.23796444793173643, 1]
[0.5265028134022167, 0.2618659798785645, 1]
[0.5218568007104202, 0.14424642148337896, 1]
[0.41228771462951563, 0.7283453045433775, 0]
[0.20392650247577748, 0.009584781124445496, 1]
[0.5272415653760564, 0.6356515058226706, 0]
[0.32605045550907163, 0.1375864067716256, 1]
[0.7239430804307518, 0.73420302522407, 0]
[0.2865928958514262, 0.5269090927600931, 0]
[0.4843300475598813, 0.18708450588601921, 1]
[0.8270918025861042, 0.850965346815564, 0]
[0.8774118458327947, 0.13236883806961042, 1]
[0.062079300819123495, 0.8046651000568317, 0]
[0.34905738067907166, 0.34056213414835645, 1]
[0.82360900345285, 0.5911181326130821, 1]
[0.006175594949182406, 0.12379889367522634, 0]
[0.08067168760970411, 0.7729855004695593, 0]
[0.848912118683095, 0.7873853349719621, 1]
[0.9540581202594705, 0.41518535020866254, 1]
[0.025233953358212102, 0.44510501586444107, 0]
[0.0033042140366691397, 0.045874103219876616, 0]
[0.0850906200691044, 0.9474518007639428, 0]
[0.08257602462375635, 0.08447148277198335, 0]
[0.5909676756812003, 0.25101087093836527, 1]
[0.43116771044559465, 0.42200903562890024, 1]
[0.9483011023019303, 0.9169223719902863, 1]
[0.22244050537493743, 0.25113541665470207, 0]
[0.9728863443021318, 0.43707221727914713, 1]
[0.1541054551027401, 0.822031067492006, 0]
[0.7853121980384821, 0.6260541244563472, 1]
[0.027030111704826276, 0.14883786218439832, 0]
[0.2358757676404727, 0.14017908947486568, 1]
[0.8274399311799063, 0.6463168858230214, 1]
[0.45060134585053213, 0.47615133132700804, 0]
[0.14141364900934938, 0.7309132374887655, 0]
[0.9624813147012258, 0.2610362961568694, 1]
[0.9664386607365564, 0.516966714999431, 1]
[0.37384671482740406, 0.5323142801510824, 0]
[0.7677720973709095, 0.26746429591839416, 1]
[0.2678592481577695, 0.9460019144748089, 0]
[0.7717475213421233, 0.47464921789694026, 1]
[0.6511978071139627, 0.3109239516877208, 1]
[0.6821491362124897, 0.6872178478639421, 0]
[0.21887355931843921, 0.4333996624966975, 0]
[0.512572579608842, 0.8383365504903039, 0]
[0.41808674011002056, 0.36107601378590803, 1]
[0.785192263230872, 0.4349939162944151, 1]
[0.21536006140765418, 0.15917045268791186, 1]
[0.14643659529049968, 0.5821666036790389, 0]
[0.08986421897859498, 0.6197922714504008, 0]
[0.00429343369786217, 0.5193262692027009, 0]
[0.7288895646197121, 0.9554797865396739, 0]
[0.12034878353066858, 0.7021343460207953, 0]
[0.17018862978527005, 0.039138425475094274, 1]
[0.845275472754292, 0.42104722628937363, 1]
[0.5663061533373134, 0.3796291650496977, 1]
[0.09896073963012086, 0.020695971329920626, 1]
[0.7590033173665727, 0.3037187988189245, 1]
[0.7075990405880734, 0.3313023054898121, 1]
[0.29511486180410795, 0.8823511475944885, 0]
[0.43390762794296744, 0.7730707423664301, 0]
[0.9300534411089856, 0.723336881274088, 1]
[0.7413627782292249, 0.3516144341505423, 1]
[0.5703749470787031, 0.18567826421977218, 1]
[0.6402704628385526, 0.34646662867128986, 1]
[0.5798142579398455, 0.03142446935254162, 1]
[0.640594365251451, 0.23157965688563964, 1]
[0.33030752630508364, 0.8917760769021241, 0]
[0.9968325981079783, 0.30547675097120774, 1]
[0.9538397165967882, 0.5616942867884285, 1]
[0.0626841049161917, 0.2598374208682033, 0]
[0.6891992338477391, 0.998332439344088, 0]
[0.26105843775158444, 0.4642105210805956, 0]
[0.6793210175583734, 0.6070943763964334, 1]
[0.1265492343625172, 0.1663258437589663, 0]
[0.2806347767185363, 0.2628396435164765, 1]
[0.9256518917549741, 0.6197961354857642, 1]
[0.9631071550168774, 0.5251022821590532, 1]
[0.6052994407392402, 0.13977871664230612, 1]
[0.9131899786031067, 0.15512298683496295, 1]
[0.8188893204016047, 0.9240261425969206, 0]
[0.18402442940719577, 0.8732241574847146, 0]
[0.09328264035714584, 0.7826112733041183, 0]
[0.9757389871194124, 0.08744441392238589, 1]
[0.22688096313260286, 0.715619089776818, 0]
[0.056386836317385614, 0.17126618267117422, 0]
[0.48714118146973395, 0.4218289046867584, 1]
[0.5191680145900831, 0.895626251181798, 0]
[0.5300492536225745, 0.7270902670862321, 0]
[0.891342925928756, 0.6832068852798593, 1]
[0.9151733042177355, 0.16626927389736368, 1]
[0.361250058277813, 0.6948812589454156, 0]
[0.7380840443551953, 0.6285610014327091, 1]
[0.8460992285291729, 0.20603111389221496, 1]
[0.987037641886037, 0.8108686962773616, 1]
[0.9767002357305651, 0.15290935123530247, 1]
[0.3476057096165862, 0.3080724113586687, 1]
[0.43271197242959414, 0.8589520979134131, 0]
[0.05028819979135457, 0.38577750378020303, 0]
[0.9318026086041772, 0.6149553718705152, 1]
[0.9601148836724518, 0.9968693679475245, 0]
[0.07148876471471655, 0.9985146403966917, 0]
[0.5510069143477259, 0.5105445217345508, 1]
[0.2059788992992806, 0.1077725608972454, 1]
[0.06806584771190416, 0.09070544728259056, 0]
[0.06863724443744912, 0.41668272034123477, 0]
[0.33456862416394584, 0.0512702191594554, 1]
[0.12410508271007559, 0.7756185242117721, 0]
[0.7844401068220234, 0.8009140149005495, 0]
[0.33227948388219075, 0.5385092257265549, 0]
[0.8768922309640053, 0.49747662142039417, 1]
[0.24939493276578795, 0.10774168914643545, 1]
[0.2507719495060966, 0.1457978224075911, 1]
[0.533012586206734, 0.2662416899167027, 1]
[0.551019664696712, 0.9739597509082367, 0]
[0.787566818831199, 0.7562442716128835, 1]
[0.23223718096812396, 0.8708441689514784, 0]
[0.6421037493368559, 0.5002790522390828, 1]
[0.5653565573744218, 0.5893431820670139, 0]
[0.6559446406381144, 0.2655775300108386, 1]
[0.041204985145902984, 0.6911182105970408, 0]
[0.06461979930994288, 0.734708743258805, 0]
[0.9833425813129794, 0.24106834446258063, 1]
[0.3681586313765217, 0.40009170217316326, 0]
[0.9903195696901874, 0.17917807027909938, 1]
[0.07252042685453142, 0.15631511429244227, 0]
[0.48041890592159053, 0.9695549631685738, 0]
[0.12180569406096564, 0.7436182047345031, 0]
[0.7431096979996333, 0.13528666073435835, 1]
[0.5025448086872899, 0.6551094929218624, 0]
[0.7039946466506534, 0.01439083749709924, 1]
[0.7000853861400868, 0.0745065804361168, 1]
[0.6370347300766046, 0.9798957181468677, 0]
[0.5363395918594464, 0.46758882969369, 1]
[0.94108224953791, 0.5049621462506579, 1]
[0.9958994107616025, 0.7755147633166043, 1]
[0.615155531141109, 0.9174336745923601, 0]
[0.41307394953303755, 0.23953604039520626, 1]
[0.17224357643383148, 0.4777032148573491, 0]
[0.07176273892818086, 0.35967377110622434, 0]
[0.276544972857073, 0.36998386514856807, 0]
[0.41180182428854284, 0.49619823418594045, 0]
[0.5207173612479924, 0.10304374563657337, 1]
[0.37661264111364345, 0.9060183633892445, 0]
[0.49312084351182506, 0.6119206016992197, 0]
[0.1632083880736115, 0.8231999592913832, 0]
[0.991604871985315, 0.9168584054999286, 1]
[0.9351561809794318, 0.6006877501292832, 1]
[0.36372152569513583, 0.6231504030454608, 0]
[0.8178944527419547, 0.20161895770962723, 1]
[0.266823427240964, 0.6209905846638991, 0]
[0.9132529121965932, 0.6452688283418238, 1]
[0.8506769454019104, 0.8115104609170635, 1]
[0.49190921573221036, 0.9175459188758124, 0]
[0.20521076752356215, 0.9891070950496251, 0]
[0.26886665951036937, 0.799955859952644, 0]
[0.5048241572061442, 0.8047053734921716, 0]
[0.5125155955603147, 0.7667742301329611, 0]
[0.22095811459996484, 0.9282082709150975, 0]
[0.5281016410863022, 0.9210787649319184, 0]
[0.6735398230698518, 0.39968989187984894, 1]
[0.5513737814836216, 0.8462467378948721, 0]
[0.21012302757396306, 0.18405605368006261, 1]
[0.45947376910584525, 0.17998398417683736, 1]
[0.11838659818488317, 0.8229694653572027, 0]
[0.9307363160132403, 0.2670259505330149, 1]
[0.7454816163546749, 0.9213421566291088, 0]
[0.6452860288883357, 0.19706224094134117, 1]
[0.2969163502374268, 0.7050536024963836, 0]
[0.43603103679521316, 0.998574194762336, 0]
[0.1262290898770999, 0.08624191217479593, 1]
[0.9124415591656304, 0.7777547295710043, 1]
[0.9672994554010621, 0.4397048402961381, 1]
[0.7893766842036571, 0.4043886367288856, 1]
[0.33665722828374556, 0.12973102643362955, 1]
[0.7067613067744805, 0.876508066831051, 0]
[0.9922594473274209, 0.34814582213393397, 1]
[0.09976715245283174, 0.9107673064861698, 0]
[0.8525359738364854, 0.5103120117937595, 1]
[0.7289436925695562, 0.001819308981971135, 1]
[0.21377077940309663, 0.16230121508232798, 1]
[0.7635147874842937, 0.20048199546108347, 1]
[0.9429802457556837, 0.39822746722241864, 1]
[0.8436463092720832, 0.6372644140081546, 1]
[0.30506027072463604, 0.38319134191720616, 0]
[0.631828478792329, 0.7174899555161006, 0]
[0.9046653681750056, 0.6509408825476918, 1]
[0.7548323533303186, 0.8257414070614256, 0]
[0.7836024021193178, 0.7850622999493466, 0]
[0.4395483667517037, 0.8416698701337196, 0]
[0.5518396871021867, 0.5284156940954082, 1]
[0.2996361791723723, 0.30832841337648265, 0]
[0.305331518345495, 0.8830733463476937, 0]
[0.21334924703376668, 0.3936049634377202, 0]
[0.7219440237726805, 0.8925236726827656, 0]
[0.8250378454044217, 0.3038703627168402, 1]
[0.77976738529131, 0.16947026677386923, 1]
[0.14594021400876356, 0.9305256203402388, 0]
[0.2212029256507183, 0.8639830304653052, 0]
[0.9041297054890532, 0.6660694820093798, 1]
[0.682739482947309, 0.47843329539508583, 1]
[0.26867397452415176, 0.22047018814881525, 1]
[0.616303201826982, 0.6160132304796321, 1]
[0.5175558194382267, 0.885836558563469, 0]
[0.5401324590371934, 0.2864126605300866, 1]
[0.09198114994710649, 0.8205271109804797, 0]
[0.7078499959627927, 0.9200312823315042, 0]
[0.647930685493568, 0.42541834205128515, 1]
[0.20257297381841344, 0.7111535119677673, 0]
[0.1711792624847842, 0.07443129319000519, 1]
[0.8465480099382108, 0.8055429995318475, 1]
[0.8907388464920124, 0.8425014427382538, 1]
[0.13990727006111514, 0.47200897366563155, 0]
[0.5164513179444072, 0.3223683149369361, 1]
[0.23503257004744948, 0.6073660686418653, 0]
[0.9447025640449744, 0.8644527852962067, 1]
[0.8837116000287125, 0.14039399652102935, 1]
[0.23237217883628658, 0.6841411820893637, 0]
[0.7036051197491605, 0.7770631858974943, 0]
[0.836211851756321, 0.8240098433140646, 1]
[0.3365260133203549, 0.9888183848317562, 0]
[0.7508310498956384, 0.8356578727365604, 0]
[0.3382410469824696, 0.764268671159379, 0]
[0.3947576860163622, 0.6490878289973593, 0]
[0.3104279946359738, 0.24676432635035672, 1]
[0.17882960563258188, 0.3927385790181922, 0]
[0.453887286288268, 0.21674518434373935, 1]
[0.46102872581137155, 0.7685771250358877, 0]
[0.5180517859850867, 0.6465820431602393, 0]
[0.005605876111885788, 0.7473806262959214, 0]
[0.27483924696976925, 0.2299697540991228, 1]
[0.4023378094096618, 0.15666289182639392, 1]
[0.010707318242481723, 0.7661571519298557, 0]
[0.8669250083312079, 0.6619918437015556, 1]
[0.9858786720949023, 0.8819715463491001, 1]
[0.17117905696750635, 0.30641864079743697, 0]
[0.19892204371622046, 0.2705886075874592, 0]
[0.3593136534186381, 0.03217615130392604, 1]
[0.9363558262253294, 0.6201182915574838, 1]
[0.5273834102142042, 0.6940106415112045, 0]
[0.38946400700419426, 0.8243674062171196, 0]
[0.17475925843313223, 0.28714787253356266, 0]
[0.9292834707317131, 0.5411940720943959, 1]
[0.6099278334608934, 0.6899582996728036, 0]
[0.7816730715497602, 0.49270460255523874, 1]
[0.2651040918101678, 0.33456347261982045, 0]
[0.5742276809205823, 0.22132487065563733, 1]
[0.13938846790438897, 0.6693343537716009, 0]
[0.20024175645375863, 0.612222970244922, 0]
[0.18743084328488613, 0.1265083035246608, 1]
[0.30378220533861855, 0.5085739598952232, 0]
[0.05663014001026123, 0.044313330565296516, 1]
[0.15589244040087646, 0.4198907362134182, 0]
[0.32071421077448403, 0.2978354222262729, 1]
[0.9342398662106314, 0.38852041411465876, 1]
[0.36003454071173935, 0.7809588422856526, 0]
[0.9300167936964259, 0.043715447852786915, 1]
[0.601722219135074, 0.44988306810666734, 1]
[0.06951932013497064, 0.11564181157231113, 0]
[0.4436048644149707, 0.5430693217161229, 0]
[0.00023821859520889443, 0.8959284444431284, 0]
[0.7804122263840801, 0.8516471994168717, 0]
[0.47884760490049194, 0.8252953077820723, 0]
[0.7058810553499348, 0.6579996341290718, 1]
[0.029324089825063293, 0.9371691554174605, 0]
[0.2613107160310292, 0.845051682834281, 0]
[0.42431799454998453, 0.8680520677186796, 0]
[0.04502532639933543, 0.6472705089975506, 0]
[0.22096188020499363, 0.12488589124006111, 1]
[0.8539982074454222, 0.8205515900235621, 1]
[0.22177894736409232, 0.9360050391442364, 0]
[0.1529076193302844, 0.44671665060429067, 0]
[0.2824795207858226, 0.1865180619221476, 1]
[0.9505523218792645, 0.6526951005853837, 1]
[0.01888062430228654, 0.9378903061201171, 0]
[0.6254302754570248, 0.29199310048212823, 1]
[0.887926861124703, 0.4666430507436269, 1]
[0.6478774047075742, 0.746716689766077, 0]
[0.4693638861382531, 0.5163730619263253, 0]
[0.07900185445526309, 0.6625734673061882, 0]
[0.156137757581579, 0.5972169494697276, 0]
[0.3555635055727755, 0.12005666353074884, 1]
[0.09755244213458747, 0.4960897478691285, 0]
[0.882533259817604, 0.5790373482450725, 1]
[0.8044528889240707, 0.4078713825174065, 1]
[0.916726965863084, 0.8443324125683873, 1]
[0.6333985102867858, 0.29571021411753584, 1]
[0.16720676650413946, 0.5378826653272569, 0]
[0.21920426199083476, 0.6167777745858684, 0]
[0.1640490086658717, 0.3263851791841271, 0]
[0.7514046196584648, 0.046286192057126585, 1]
[0.26315061621412594, 0.21400383338271778, 1]
[0.5431559640249556, 0.04837319311312649, 1]
[0.5228430875375965, 0.13855303205108138, 1]
[0.16115977694337358, 0.16316785821907298, 0]
[0.7690665337889026, 0.43545626422583805, 1]
[0.18568163051501618, 0.5586072647752311, 0]
[0.2518210512641649, 0.4030700915468325, 0]
[0.38868027468356914, 0.17641677293286517, 1]
[0.8255496720130228, 0.6204292334226054, 1]
[0.6707622285597498, 0.8401900733479059, 0]
[0.8897652005880845, 0.7507035546246092, 1]
[0.4264461860189942, 0.6226190835862184, 0]
[0.8503864508667381, 0.8930479724933663, 0]
[0.24636163686387136, 0.8879006881279956, 0]
[0.6577314815987378, 0.5332473124661203, 1]
[0.41588034726897016, 0.3408955643260252, 1]
[0.8925510430538688, 0.08683808410211746, 1]
[0.11323152858690566, 0.03629595943566899, 1]
[0.1445917337744631, 0.1783139054243995, 0]
[0.30989726579289045, 0.9839369748077845, 0]
[0.0755531582788066, 0.5640984149181304, 0]
[0.4773839356886842, 0.13698851399412804, 1]
[0.9584576364149429, 0.2550171605646552, 1]
[0.2973898534538869, 0.3665471584415727, 0]
[0.1598799954088287, 0.2202410816411856, 0]
[0.8172402694726663, 0.44275729708523237, 1]
[0.19370648221047626, 0.9289281718140457, 0]
[0.7650924781035634, 0.14392596244698608, 1]
[0.24613858680600964, 0.5344871678327111, 0]
[0.9967067925663331, 0.37848639943871787, 1]
[0.31078104593492406, 0.8307000588127834, 0]
[0.1508847619276823, 0.6571503556037318, 0]
[0.3776776449468251, 0.282216791853904, 1]
[0.24038009798096516, 0.001179891160606683, 1]
[0.5189903115706381, 0.9772817605854762, 0]
[0.16588703862534648, 0.949323654744897, 0]
[0.7849292644100505, 0.24803533218607388, 1]
[0.03448379705542548, 0.4913861395519138, 0]
[0.3958518475258558, 0.522459103655729, 0]
[0.10907675315096321, 0.3877320944277213, 0]
[0.26260990399118256, 0.03613865147552642, 1]
[0.5677202619851015, 0.21703454705517933, 1]
[0.4270127620462184, 0.6214530191285262, 0]
[0.47579448788221645, 0.1750504831617491, 1]
[0.12297815078366814, 0.7389074223234375, 0]
[0.057440416579759956, 0.627205917696193, 0]
[0.5598988692984249, 0.6057971720387624, 0]
[0.2867996442469857, 0.9843186642261832, 0]
[0.871304020491949, 0.5175725352162149, 1]
[0.7719442577396397, 0.6295679147858143, 1]
[0.7729038408515272, 0.40393214349775874, 1]
[0.8417079882112695, 0.3033382768214724, 1]
[0.344006980829506, 0.7509493612961003, 0]
[0.12057979100880345, 0.10452414846995761, 1]
[0.6376827185308306, 0.1385761008308649, 1]
[0.8836202833782886, 0.7299565249920643, 1]
[0.8759942252529089, 0.18315646598326585, 1]
[0.17024282738253926, 0.14576678293326162, 1]
[0.65467996522233, 0.27028623525458007, 1]
[0.2856602951498608, 0.36745592529896764, 0]
[0.5476507003262431, 0.9773094103846519, 0]
[0.2035785299327002, 0.8851802976609546, 0]
[0.3262221064580053, 0.4590330527268005, 0]
[0.719140267555741, 0.6711733885725564, 1]
[0.6494240071264655, 0.6902375276839667, 0]
[0.9869268775074028, 0.6273873430484495, 1]
[0.3514807353600058, 0.7480935803104609, 0]
[0.8078026137743985, 0.6323278395130982, 1]
[0.3792132241890932, 0.7527966509492593, 0]
[0.2840959751804055, 0.15507502443957288, 1]
[0.01813370977980233, 0.9788403397055511, 0]
[0.9518010753832284, 0.8804074414736432, 1]
[0.4584962793054417, 0.3334894180062635, 1]
[0.9827610219946894, 0.8014578932482835, 1]
[0.16843400268081032, 0.9248150123907203, 0]
[0.4176124468884831, 0.641739798783154, 0]
[0.06300394298154133, 0.11628264071583128, 0]
[0.964177361551485, 0.16516266306617455, 1]
[0.5831733617811932, 0.7105341709124845, 0]
[0.11803578522569147, 0.05933519095730777, 1]
[0.8470440236912342, 0.5478859343171685, 1]
[0.08688601815131625, 0.04583847933729557, 1]
[0.4141552682870657, 0.5998914943165088, 0]
[0.25648521521460976, 0.6418279372173201, 0]
[0.6698193231960925, 0.737022043447523, 0]
[0.2003201307943664, 0.011225881599358445, 1]
